12|The meeting has been moved to Thursday at 3:30.|회의가 목요일 3시 30분으로 옮겨졌어.|Work|Intermediate|Use when a meeting time changes.
84|The weather looks perfect for a short bike ride.|자전거 타기 딱 좋은 날씨야.|Daily life|Beginner|Use when the weather feels ideal for a short ride.
393|It might be better to test a different option.|다른 선택지를 먼저 시험해 보는 게 더 나을지도 몰라.|Opinion|Advanced|Use when you want to suggest trying another option.
394|I agree with the layout choice.|그 배치 선택에 동의해.|Opinion|Beginner|Use when you want to agree with a layout choice.
399|I agree with the pacing.|그 진행 속도에 동의해.|Opinion|Advanced|Use when you want to agree with the pacing.
404|I agree with the proposed change.|제안한 변경에 동의해.|Opinion|Intermediate|Use when you support a proposed change.
409|I agree with the smaller scope.|더 작은 범위에 동의해.|Opinion|Beginner|Use when you prefer a smaller scope.
414|I agree with the wording here.|여기 표현에 동의해.|Opinion|Advanced|Use when you agree with the wording.
419|I agree with the logic here.|여기 논리에는 동의해.|Opinion|Beginner|Use when you agree with the logic.
423|It might be better to pause before acting.|바로 움직이기 전에 잠깐 멈추는 게 더 나을지도 몰라.|Opinion|Beginner|Use when you think a pause is wiser.
424|I agree with the overall direction.|전체 방향에는 동의해.|Opinion|Intermediate|Use when you agree with the overall direction.
429|I agree with the risk assessment.|위험 평가에 동의해.|Opinion|Intermediate|Use when you agree with the risk assessment.
471|It was nice seeing you after the workshop.|워크숍 끝나고 만나서 반가웠어요.|Social|Intermediate|Use when ending a conversation after an event.
475|Take care and let me know how it goes.|잘 지내고 어떻게 되는지 알려 줘요.|Social|Advanced|Use when saying goodbye and staying connected.
479|Thanks for making time to chat.|시간 내서 이야기해 줘서 고마워요.|Social|Beginner|Use when thanking someone for a chat.
483|I enjoyed our conversation today.|오늘 대화가 즐거웠어요.|Social|Intermediate|Use when a conversation went well.
487|I should let you get back to work.|이제 다시 일하셔야겠네요.|Social|Advanced|Use when politely ending a conversation.
491|Have a smooth rest of the afternoon.|오후 남은 시간도 잘 보내세요.|Social|Advanced|Use when offering a friendly closing.
495|It was great seeing you again today.|오늘 다시 만나서 정말 반가웠어요.|Social|Advanced|Use when you meet someone again.
499|Thanks for talking things through with me.|함께 차근차근 이야기해 줘서 고마워요.|Social|Beginner|Use when thanking someone for discussing details.
793|The meeting has been moved to Friday at 9:00.|회의가 금요일 9시로 옮겨졌어.|Work|Intermediate|Use when a meeting time changes.
1021|I’m sorting receipts for tax time.|세금 준비하려고 영수증을 정리하고 있어.|Daily life|Intermediate|Use when you are organizing receipts.
1022|I need to label these boxes.|이 상자들에 라벨을 붙여야 해.|Daily life|Beginner|Use when you need to mark boxes.
1023|The dryer stopped halfway through.|건조기가 중간에 멈췄어.|Daily life|Intermediate|Use when an appliance stops working.
1024|I need to replace the lightbulb.|전구를 갈아야 해.|Daily life|Beginner|Use when a bulb needs replacing.
1025|I’m taping the box shut.|상자를 테이프로 닫고 있어.|Daily life|Beginner|Use when you are sealing a box.
1026|I forgot to bring my headphones.|이어폰을 안 가져왔어.|Daily life|Beginner|Use when you realize you forgot your headphones.
1027|The freezer door is stuck again.|냉동실 문이 또 안 열려.|Daily life|Intermediate|Use when the freezer door is stuck.
1028|I left my keys on the table.|열쇠를 테이블 위에 두고 왔어.|Daily life|Beginner|Use when you realize you left your keys somewhere.
1029|I’m moving the laundry basket.|빨래 바구니를 옮기고 있어.|Daily life|Beginner|Use when you are moving a laundry basket.
1030|I’m watering the basil.|바질에 물을 주고 있어.|Daily life|Beginner|Use when you are caring for a plant.
1031|The kitchen timer is still running.|주방 타이머가 아직 돌아가고 있어.|Daily life|Beginner|Use when a timer has not been turned off.
1032|I need to wipe the desk first.|먼저 책상을 닦아야 해.|Daily life|Beginner|Use when you need to clean a desk.
1033|I’m clearing space on the shelf.|선반 위 공간을 비우고 있어.|Daily life|Intermediate|Use when you are making room on a shelf.
1034|I need to wash the travel mug.|텀블러를 씻어야 해.|Daily life|Beginner|Use when a travel mug needs cleaning.
1035|I’m charging the spare battery.|예비 배터리를 충전하고 있어.|Daily life|Intermediate|Use when you are preparing a backup battery.
1036|I need to restock the paper towels.|종이타월을 다시 채워야 해.|Daily life|Intermediate|Use when supplies are running low.
1037|The hallway light is flickering.|복도 불이 깜빡거리고 있어.|Daily life|Intermediate|Use when a light is unstable.
1038|I’m folding the clean towels.|깨끗한 수건을 개고 있어.|Daily life|Beginner|Use when you are putting away towels.
1039|I need to sweep the entryway.|현관을 쓸어야 해.|Daily life|Beginner|Use when you need to clean the entrance.
1040|I’m putting the tools back.|공구를 다시 제자리에 두고 있어.|Daily life|Beginner|Use when you are tidying tools.
1041|I need to bag the recycling.|재활용품을 봉투에 담아야 해.|Daily life|Intermediate|Use when you are preparing recycling.
1042|The rug is still damp.|러그가 아직 젖어 있어.|Daily life|Beginner|Use when a rug has not dried yet.
1043|I’m emptying the trash bin.|쓰레기통을 비우고 있어.|Daily life|Beginner|Use when you are taking out trash.
1044|I need to spray the window.|창문에 세정제를 뿌려야 해.|Daily life|Intermediate|Use when you are cleaning glass.
1045|The faucet is dripping again.|수도꼭지가 또 물방울을 떨어뜨려.|Daily life|Intermediate|Use when a faucet is leaking.
1046|I’m checking the smoke alarm.|화재 경보기를 확인하고 있어.|Daily life|Intermediate|Use when you are testing the alarm.
1047|I need to close the balcony door.|발코니 문을 닫아야 해.|Daily life|Beginner|Use when you need to shut the balcony door.
1048|I’m lining up tomorrow’s clothes.|내일 입을 옷을 미리 챙겨 두고 있어.|Daily life|Intermediate|Use when you are preparing clothes in advance.
1049|The sink is full of dishes.|싱크대가 그릇으로 가득해.|Daily life|Beginner|Use when dishes are piled up.
1050|I need to tidy the cables.|케이블을 정리해야 해.|Daily life|Intermediate|Use when cords are messy.
1051|I’m putting fresh water in the vase.|꽃병에 새 물을 채우고 있어.|Daily life|Intermediate|Use when you are refreshing water in a vase.
1052|I need to find the missing remote.|사라진 리모컨을 찾아야 해.|Daily life|Intermediate|Use when you cannot find the remote.
1053|The desk drawer is jammed.|책상 서랍이 걸렸어.|Daily life|Intermediate|Use when a drawer will not open smoothly.
1054|I’m sorting the mail by hand.|우편물을 손으로 분류하고 있어.|Daily life|Intermediate|Use when you are organizing mail.
1055|I need to move the chair aside.|의자를 옆으로 치워야 해.|Daily life|Beginner|Use when you need more space.
1056|The kettle is still hot.|주전자가 아직 뜨거워.|Daily life|Beginner|Use when a kettle has not cooled down.
1057|I’m washing the fruit before lunch.|점심 전에 과일을 씻고 있어.|Daily life|Beginner|Use when you are preparing fruit.
1058|I need to set out clean napkins.|깨끗한 냅킨을 꺼내 둬야 해.|Daily life|Intermediate|Use when you are preparing the table.
1059|The window screen has a tear.|방충망에 찢어진 곳이 있어.|Daily life|Intermediate|Use when a screen is damaged.
1060|I’m making room for the delivery.|배달 올 자리를 비워 두고 있어.|Daily life|Intermediate|Use when you are clearing space for a delivery.
1061|The PDF export cut off the footer.|PDF 내보내기에서 바닥글이 잘렸어.|Work|Intermediate|Use when an export trims part of the page.
1062|I need to send the signed copy.|서명된 사본을 보내야 해.|Work|Intermediate|Use when you must send a signed document.
1063|Please merge these comments into one draft.|이 의견들을 하나의 초안으로 합쳐 주세요.|Work|Advanced|Use when you want comments combined.
1064|The vendor quote came in late.|업체 견적이 늦게 도착했어.|Work|Intermediate|Use when a supplier replied late.
1065|I’m updating the release notes.|릴리스 노트를 업데이트하고 있어.|Work|Intermediate|Use when you are writing release notes.
1066|We need a cleaner handoff between teams.|팀 간 인수인계를 더 깔끔하게 해야 해.|Work|Advanced|Use when you want smoother team handoff.
1067|Please mark anything that looks off.|이상해 보이는 부분은 표시해 주세요.|Work|Intermediate|Use when you want problems highlighted.
1068|The spreadsheet formula broke again.|스프레드시트 수식이 또 깨졌어.|Work|Intermediate|Use when a formula stops working.
1069|I’m waiting for legal review.|법무 검토를 기다리고 있어.|Work|Intermediate|Use when you are waiting for legal approval.
1070|Could you move this call to next Wednesday?|이 통화를 다음 주 수요일로 옮겨 주실래요?|Work|Intermediate|Use when you need to reschedule a call.
1071|The slide deck needs stronger examples.|슬라이드 자료에는 더 강한 예시가 필요해.|Work|Advanced|Use when a presentation needs better examples.
1072|I need to fix the page numbering.|페이지 번호를 고쳐야 해.|Work|Beginner|Use when page numbers are wrong.
1073|The draft still has placeholder text.|초안에 아직 임시 문구가 남아 있어.|Work|Intermediate|Use when a draft still contains filler text.
1074|I’m checking the version history.|버전 기록을 확인하고 있어.|Work|Beginner|Use when you want to review changes.
1075|We should archive the old files.|오래된 파일은 보관해야 해.|Work|Intermediate|Use when you want to store old files away.
1076|The client wants a shorter summary.|고객은 더 짧은 요약을 원해.|Work|Intermediate|Use when a client wants brevity.
1077|I need to confirm the delivery address.|배송 주소를 확인해야 해.|Work|Beginner|Use when a shipping address must be checked.
1078|Could you resend the signed form?|서명한 양식을 다시 보내 주실래요?|Work|Intermediate|Use when a signed form needs to be resent.
1079|The meeting notes are missing action items.|회의 메모에 할 일이 빠져 있어.|Work|Intermediate|Use when notes need action items added.
1080|I’m pulling together the final checklist.|최종 체크리스트를 정리하고 있어.|Work|Intermediate|Use when you are preparing a final list.
1081|We need a clearer timeline.|더 분명한 일정표가 필요해.|Work|Intermediate|Use when the schedule needs clarity.
1082|The attachment is too large to send.|첨부 파일이 너무 커서 보낼 수 없어.|Work|Intermediate|Use when a file exceeds email limits.
1083|I’m waiting for the budget approval.|예산 승인을 기다리고 있어.|Work|Intermediate|Use when approval is still pending.
1084|Please highlight the main change.|가장 큰 변경점은 표시해 주세요.|Work|Beginner|Use when you want the key change marked.
1085|The report needs a better title.|보고서 제목을 더 좋게 바꿔야 해.|Work|Beginner|Use when a report title needs improvement.
1086|I’m separating the urgent items.|급한 항목들을 따로 나누고 있어.|Work|Intermediate|Use when you are sorting priorities.
1087|Could you review the revised layout?|수정된 구성을 검토해 주실래요?|Work|Intermediate|Use when you want feedback on layout.
1088|The numbers don’t match the last file.|숫자가 마지막 파일과 맞지 않아.|Work|Intermediate|Use when data differs from the previous file.
1089|I need to update the contact list.|연락처 목록을 업데이트해야 해.|Work|Beginner|Use when contact information changed.
1090|We should keep the old draft for comparison.|비교할 수 있게 옛 초안은 남겨 두자.|Work|Advanced|Use when you want to compare versions.
1091|The workflow is still not documented.|작업 흐름이 아직 문서화되지 않았어.|Work|Advanced|Use when a process has not been written down.
1092|I’m drafting a quick status update.|간단한 진행 상황 보고를 작성하고 있어.|Work|Intermediate|Use when you are writing a status note.
1093|Please save a copy before editing.|수정하기 전에 복사본을 저장해 주세요.|Work|Beginner|Use when you want a backup copy.
1094|I need to check the page limit.|페이지 제한을 확인해야 해.|Work|Beginner|Use when you need to verify a length limit.
1095|The client prefers a softer tone.|고객은 더 부드러운 표현을 선호해.|Work|Intermediate|Use when a client wants gentler wording.
1096|I’m cleaning up the shared folder.|공유 폴더를 정리하고 있어.|Work|Beginner|Use when a shared folder needs tidying.
1097|We need to decide on the file format.|파일 형식을 정해야 해.|Work|Intermediate|Use when you must choose a file type.
1098|Could you send the corrected attachment?|수정된 첨부 파일을 보내 주실래요?|Work|Beginner|Use when you need the corrected file.
1099|The handoff is scheduled for Monday.|인수인계는 월요일로 잡혀 있어.|Work|Intermediate|Use when you are talking about a handoff date.
1100|I need to sync with the designer.|디자이너와 맞춰 봐야 해.|Work|Beginner|Use when you need to coordinate with a designer.
1101|I’m drilling the pronunciation of this word.|이 단어 발음을 계속 연습하고 있어.|Study|Beginner|Use when you are practicing pronunciation.
1102|The answer key helped me spot the pattern.|정답지가 패턴을 찾는 데 도움이 됐어.|Study|Intermediate|Use when an answer key reveals a pattern.
1103|I need to rewrite this in simpler grammar.|이걸 더 쉬운 문법으로 다시 써야 해.|Study|Intermediate|Use when you want simpler grammar.
1104|Could you check if my summary sounds natural?|내 요약이 자연스러운지 봐 주실래요?|Study|Intermediate|Use when you want feedback on a summary.
1105|I keep mixing up the past tense forms.|과거형을 계속 헷갈려.|Study|Intermediate|Use when verb forms are confusing.
1106|I’m listening to the passage one more time.|지문을 한 번 더 듣고 있어.|Study|Beginner|Use when you need another listening round.
1107|The glossary is helping me a lot.|용어집이 큰 도움이 되고 있어.|Study|Beginner|Use when a glossary supports learning.
1108|I need to copy the example sentence.|예문을 그대로 적어야 해.|Study|Beginner|Use when you want to copy an example.
1109|I’m reviewing the lecture slide by slide.|강의 슬라이드를 한 장씩 다시 보고 있어.|Study|Intermediate|Use when you review lecture slides carefully.
1110|I need a quieter corner to read.|조용한 구석에서 읽고 싶어.|Study|Beginner|Use when you need a quiet place to read.
1111|The practice test feels a little easier now.|모의고사가 이제 조금 더 쉬워 보여.|Study|Intermediate|Use when practice feels more manageable.
1112|I’m marking the words I don’t know.|모르는 단어에 표시하고 있어.|Study|Beginner|Use when you are highlighting unknown words.
1113|I need to recite the paragraph aloud.|문단을 소리 내서 외워야 해.|Study|Intermediate|Use when you want to practice speaking or memorizing.
1114|The workbook has too many errors.|워크북에 오류가 너무 많아.|Study|Intermediate|Use when a workbook contains mistakes.
1115|I’m comparing my notes with yours.|내 메모를 네 메모와 비교하고 있어.|Study|Intermediate|Use when you compare study notes.
1116|I need to rewrite the answer in full sentences.|답을 완전한 문장으로 다시 써야 해.|Study|Intermediate|Use when you want to write out a full answer.
1117|The chart is clearer after the explanation.|설명하고 나니 차트가 더 잘 보여.|Study|Intermediate|Use when an explanation makes a chart clearer.
1118|I’m focusing on the first half only.|일단 앞부분에만 집중하고 있어.|Study|Beginner|Use when you are studying part by part.
1119|I need to practice this dialogue again.|이 대화를 다시 연습해야 해.|Study|Beginner|Use when you want to repeat a dialogue.
1120|The textbook example finally makes sense.|교과서 예시가 이제야 이해돼.|Study|Beginner|Use when an example finally becomes clear.
1121|I’m using a highlighter for the keywords.|핵심 단어에는 형광펜을 쓰고 있어.|Study|Intermediate|Use when you are marking keywords.
1122|I need to check the pronunciation guide.|발음 안내를 확인해야 해.|Study|Beginner|Use when you want to verify pronunciation.
1123|I’m writing the formulas on one page.|공식을 한 페이지에 정리하고 있어.|Study|Intermediate|Use when you are organizing formulas.
1124|The lecture notes are a little messy.|강의 메모가 좀 지저분해.|Study|Beginner|Use when notes are not organized.
1125|I need to read the instructions twice.|안내문을 두 번 읽어야 해.|Study|Beginner|Use when instructions need another look.
1126|I’m turning each mistake into a note.|틀린 문제마다 메모를 남기고 있어.|Study|Advanced|Use when you learn from each mistake.
1127|The sample response sounds more natural.|예시 답안이 더 자연스럽게 들려.|Study|Intermediate|Use when a sample answer sounds better.
1128|I need to finish this worksheet tonight.|이 활동지는 오늘 밤에 끝내야 해.|Study|Beginner|Use when a worksheet has a deadline.
1129|I’m timing myself for the reading section.|독해 시간은 따로 재고 있어.|Study|Intermediate|Use when you are practicing with a timer.
1130|The vocabulary review is taking longer than expected.|단어 복습이 생각보다 더 오래 걸리고 있어.|Study|Intermediate|Use when a review session takes time.
1131|I need to ask about this grammar point.|이 문법은 질문해야 해.|Study|Beginner|Use when you need clarification on grammar.
1132|I’m listening for the stressed syllables.|강세가 있는 음절을 들으려고 해.|Study|Advanced|Use when you are training listening skills.
1133|The model answer gives me a better idea.|모범 답안을 보니 감이 더 와.|Study|Intermediate|Use when an example answer helps.
1134|I need to separate the easy questions.|쉬운 문제는 따로 분류해야 해.|Study|Beginner|Use when you are organizing questions by difficulty.
1135|I’m practicing the opening sentence.|첫 문장을 연습하고 있어.|Study|Beginner|Use when you are practicing how to start.
1136|The reading passage is full of details.|읽기 지문에 세부 내용이 많아.|Study|Intermediate|Use when a passage has many details.
1137|I need to summarize the main argument.|핵심 주장을 요약해야 해.|Study|Advanced|Use when you need to condense the main point.
1138|I’m checking whether my answer is too short.|내 답이 너무 짧은지 확인하고 있어.|Study|Intermediate|Use when you want to see if an answer needs more detail.
1139|The teacher’s example clarified the difference.|선생님 예시 덕분에 차이가 분명해졌어.|Study|Intermediate|Use when an example clears up a difference.
1140|I need to memorize the key dates.|중요한 날짜를 외워야 해.|Study|Beginner|Use when dates are important to remember.
1141|The boarding gate changed from B12 to B18.|탑승구가 B12에서 B18로 바뀌었어.|Travel|Intermediate|Use when your gate changes.
1142|My luggage tag came off in transit.|이동 중에 짐표가 떨어졌어.|Travel|Intermediate|Use when a luggage tag is lost.
1143|I need to reprint the boarding pass.|탑승권을 다시 출력해야 해.|Travel|Intermediate|Use when you need a new boarding pass.
1144|The tram is faster than the bus today.|오늘은 트램이 버스보다 더 빨라.|Travel|Beginner|Use when comparing transport options.
1145|The hotel said early check-in is unavailable.|호텔에서 얼리 체크인은 안 된다고 했어.|Travel|Advanced|Use when early check-in is not possible.
1146|I need to confirm the shuttle stop.|셔틀 정류장을 확인해야 해.|Travel|Beginner|Use when you need to verify a pickup spot.
1147|The platform is on the upper level.|플랫폼은 위층에 있어.|Travel|Beginner|Use when explaining where the platform is.
1148|Could you point me toward the baggage claim?|수하물 찾는 곳이 어디인지 알려 주실래요?|Travel|Intermediate|Use when you need help finding baggage claim.
1149|I’m looking for the rental car desk.|렌터카 창구를 찾고 있어.|Travel|Intermediate|Use when you are looking for a car rental desk.
1150|The train platform is farther than I thought.|기차 승강장이 생각보다 더 멀어.|Travel|Intermediate|Use when a place is farther away than expected.
1151|I need to charge my phone before boarding.|탑승 전에 휴대폰을 충전해야 해.|Travel|Beginner|Use when your phone needs charging before a trip.
1152|The ferry terminal is across the street.|여객선 터미널은 길 건너편에 있어.|Travel|Intermediate|Use when giving directions to a terminal.
1153|I missed the connection by five minutes.|연결편을 5분 차이로 놓쳤어.|Travel|Advanced|Use when you miss a transfer by a small margin.
1154|I need to change the return date.|돌아오는 날짜를 바꿔야 해.|Travel|Intermediate|Use when you need to reschedule a return trip.
1155|The tour guide is waiting near the entrance.|투어 가이드는 입구 근처에서 기다리고 있어.|Travel|Intermediate|Use when someone is waiting at an entrance.
1156|I’m checking the departure board again.|출발 안내판을 다시 보고 있어.|Travel|Beginner|Use when you are checking travel information again.
1157|Could you show me where the taxi stand is?|택시 승강장이 어디인지 알려 주실래요?|Travel|Intermediate|Use when you need directions to a taxi stand.
1158|I need to store my suitcase for a few hours.|캐리어를 몇 시간 맡겨야 해.|Travel|Intermediate|Use when you need short-term luggage storage.
1159|The mountain road is closed for repairs.|산길이 공사 때문에 막혔어.|Travel|Intermediate|Use when a road is closed for maintenance.
1160|I’m taking the scenic route home.|집에 갈 때 경치 좋은 길로 가고 있어.|Travel|Intermediate|Use when you choose a scenic route.
1161|The hotel lobby is on the second floor.|호텔 로비는 2층에 있어.|Travel|Beginner|Use when giving the location of a lobby.
1162|I need to ask about late checkout.|늦은 체크아웃이 되는지 물어봐야 해.|Travel|Intermediate|Use when you want to stay longer.
1163|The bus driver said to tap the card here.|버스 기사님이 여기서 카드를 찍으라고 했어.|Travel|Intermediate|Use when you need to tap a transit card.
1164|I’m trying to find gate number 24.|24번 탑승구를 찾고 있어.|Travel|Beginner|Use when you are looking for a gate number.
1165|The station staff were very helpful.|역 직원분들이 정말 친절했어.|Travel|Beginner|Use when you want to describe helpful staff.
1166|I need to switch to a local SIM card.|현지 SIM 카드로 바꿔야 해.|Travel|Intermediate|Use when you need a local phone plan.
1167|The city map includes a walking route.|도시 지도에 도보 경로도 나와 있어.|Travel|Intermediate|Use when a map includes walking directions.
1168|I’m waiting near the arrival gate.|도착 게이트 근처에서 기다리고 있어.|Travel|Beginner|Use when you are waiting for someone at arrivals.
1169|The road signs are easier to follow now.|이제 도로 표지판을 따라가기 더 쉬워.|Travel|Intermediate|Use when signs are clearer.
1170|I need to check the weather at the destination.|도착지 날씨를 확인해야 해.|Travel|Intermediate|Use when weather may affect your trip.
1171|The train car is almost full.|열차 칸이 거의 다 찼어.|Travel|Beginner|Use when a train is crowded.
1172|I’m keeping my passport in the front pocket.|여권은 앞주머니에 넣어 두고 있어.|Travel|Intermediate|Use when you want to keep a passport safe.
1173|I need to ask where the platform ends.|승강장 끝이 어디인지 물어봐야 해.|Travel|Intermediate|Use when you need to find the platform end.
1174|The museum closes earlier on Sundays.|박물관은 일요일에 더 일찍 닫아.|Travel|Intermediate|Use when opening hours are different on Sundays.
1175|I’m booking a room with a balcony.|발코니 있는 방을 예약하고 있어.|Travel|Intermediate|Use when you want a balcony room.
1176|I need to buy a one-day transit pass.|1일 교통권을 사야 해.|Travel|Intermediate|Use when you need a day pass.
1177|The airport lounge is near gate C7.|공항 라운지는 C7 게이트 근처에 있어.|Travel|Intermediate|Use when giving directions inside an airport.
1178|I’m heading to the information desk.|안내 데스크로 가는 중이야.|Travel|Beginner|Use when you are going to an information desk.
1179|I need to print the map before we go.|출발하기 전에 지도를 출력해야 해.|Travel|Beginner|Use when you need a paper map.
1180|The night bus leaves in twenty minutes.|야간버스가 20분 뒤에 출발해.|Travel|Beginner|Use when a bus is about to leave.
1181|I can probably make it after seven.|7시 이후면 아마 갈 수 있어.|Social|Intermediate|Use when you can likely attend after seven.
1182|I’m not in a rush either way.|어느 쪽이든 급하지 않아.|Opinion|Intermediate|Use when you are not pressed for time.
1183|Let’s park that for the moment.|일단 그건 잠시 미뤄 두자.|Opinion|Intermediate|Use when you want to set something aside.
1184|I’d rather not decide on the spot.|그 자리에서 바로 결정하고 싶지는 않아.|Opinion|Advanced|Use when you want more time to decide.
1185|That would make things simpler.|그렇게 하면 일이 더 단순해질 거야.|Opinion|Beginner|Use when you think an option reduces complexity.
1186|I’m happy to go with your choice.|네 선택대로 가도 괜찮아.|Opinion|Beginner|Use when you are fine with someone else's choice.
1187|I see why you prefer that.|네가 왜 그걸 더 좋아하는지 알겠어.|Opinion|Intermediate|Use when you understand someone’s preference.
1188|I don’t feel strongly about it.|그건 딱히 강한 생각은 없어.|Opinion|Intermediate|Use when you have no strong preference.
1189|That leaves us with a clear choice.|그러면 선택이 더 분명해지네.|Opinion|Intermediate|Use when options become clearer.
1190|Could you walk me through your thinking?|생각한 과정을 차근차근 설명해 주실래요?|Conversation|Advanced|Use when you want to hear someone's reasoning.
1191|I’m open to either option.|어느 쪽이든 괜찮아.|Opinion|Intermediate|Use when you are willing to accept either choice.
1192|Let’s keep the conversation going later.|이야기는 나중에 계속하자.|Conversation|Beginner|Use when you want to continue later.
1193|I need a minute to think it over.|잠깐 생각할 시간이 필요해.|Conversation|Beginner|Use when you need a short pause before answering.
1194|That seems worth trying.|그건 한번 해볼 만해 보여.|Opinion|Intermediate|Use when you think something is worth a try.
1195|I can see the appeal of that.|그게 왜 끌리는지 알 것 같아.|Opinion|Advanced|Use when you understand why something is attractive.
1196|I’m leaning toward the smaller version.|나는 더 작은 버전 쪽으로 기울고 있어.|Opinion|Advanced|Use when you are favoring a smaller option.
1197|We should probably hear one more opinion.|아마 의견을 하나 더 들어보는 게 좋겠어.|Opinion|Intermediate|Use when another perspective would help.
1198|I’d like to hear the other side too.|반대 의견도 들어보고 싶어.|Conversation|Intermediate|Use when you want both sides.
1199|That’s a fair point.|그 말은 일리가 있어.|Opinion|Beginner|Use when you think a point is reasonable.
1200|I’m okay with waiting a bit longer.|조금 더 기다려도 괜찮아.|Opinion|Intermediate|Use when waiting a little longer is acceptable.
1201|Could you say that one more time?|그걸 한 번만 더 말해 주실래요?|Conversation|Beginner|Use when you need something repeated.
1202|I’d prefer to keep it private.|그건 비공개로 두고 싶어.|Opinion|Intermediate|Use when you want to keep something private.
1203|I’m fine either way.|어느 쪽이든 괜찮아.|Opinion|Beginner|Use when you have no strong preference.
1204|That feels like the safer choice.|그쪽이 더 안전한 선택 같아.|Opinion|Intermediate|Use when you think one option is safer.
1205|I’m not ready to commit yet.|아직 확답할 준비가 안 됐어.|Opinion|Advanced|Use when you are not ready to commit.
1206|I’d rather keep it flexible.|좀 더 유연하게 두는 편이 좋아.|Opinion|Intermediate|Use when you want room to adjust.
1207|That answer gives me enough to go on.|그 답이면 일단 판단하기에 충분해.|Conversation|Advanced|Use when you have enough information to continue.
1208|I’d like to sleep on it.|하루 정도 더 생각해 보고 싶어.|Opinion|Intermediate|Use when you want more time to decide.
1209|We may want to simplify this.|이건 좀 더 단순하게 하는 게 좋을 수도 있어.|Opinion|Advanced|Use when you suggest simplifying something.
1210|I’m comfortable with that approach.|그 방식이면 괜찮아.|Opinion|Intermediate|Use when you are satisfied with an approach.
1211|I think the timing is better now.|이제는 타이밍이 더 나은 것 같아.|Opinion|Intermediate|Use when timing seems better than before.
1212|I’d rather skip this one.|이건 건너뛰는 게 좋겠어.|Opinion|Beginner|Use when you want to pass on something.
1213|Thanks for making the time.|시간 내줘서 고마워.|Social|Beginner|Use when thanking someone for their time.
1214|I’m glad we sorted it out.|잘 정리돼서 다행이야.|Social|Intermediate|Use when a problem has been resolved.
1215|Let’s circle back tomorrow.|내일 다시 이어서 보자.|Conversation|Intermediate|Use when you want to revisit the topic later.
1216|I appreciate how clear that was.|그렇게 분명하게 말해 줘서 고마워.|Social|Advanced|Use when you appreciate a clear explanation.
1217|I’m going to pass this time.|이번에는 사양할게.|Social|Beginner|Use when politely declining.
1218|That’s a relief.|그나마 다행이야.|Social|Beginner|Use when you feel relieved.
1219|I think we’re close to a decision.|이제 거의 결정할 수 있을 것 같아.|Opinion|Intermediate|Use when a decision is nearly ready.
1220|Let’s go with the simpler option.|더 단순한 쪽으로 가자.|Opinion|Beginner|Use when you prefer the simpler choice.
